ticker,id,post_date,num_matched,multi_ticker_flag,match_type,title,selftext
AMD,oxzuda,2021-08-04,1,0,bare_ticker,DONT SELL AMD,[removed]
AMD,l7h0uy,2021-01-29,1,0,bare_ticker,Any news on plans for AMD stock,[removed]
AMD,fm5ybk,2020-03-21,2,1,bare_ticker,"Started with $95 on 3/11. Mostly AMD, SNAP, and JPM puts that I bought at eod and sold at open. Currently holding a SPY $226 3/30 put I bought at close today",[removed]
AMD,9mlorn,2018-10-09,1,0,bare_ticker,AMD November Calls.,[deleted]
AMD,j8jzec_label1,2020-10-10,10,1,bare_ticker,"Wall Street Week Ahead for the trading week beginning October 12th, 2020","Good Saturday morning to all of you here on r/wallstreetbets. I hope everyone on this sub made out pretty nicely in the market this past week, and is ready for the new trading week ahead.nnHere is everything you need to know to get you ready for the trading week beginning October 12th, 2020.nn# **Ea"
AMD,evbh0t,2020-01-28,1,0,bare_ticker,AMD EARNINGS THREAD,– Record quarterly revenue of $2.13 billion; record annual revenue of $6.73 billion nn– Gross margin expanded to 45 percent in Q4 2019 and 43 percent for 2019 –
AMD,4tytic,2016-07-21,1,0,bare_ticker,AMD earnings,You guys feeling beat or miss with the stock tanking right now?
AMD,5rg86i,2017-02-01,5,1,bare_ticker,How can NVDA miss earnings?,"I genuinely am asking for someone to describe a scenerio where NVDA doesn't have record-breaking earnings across the board (i.e. automotive, gaming, etc.).  Now that MU, seagate, aapl, amd, intel, logitec, all showed strong earnings...how can NVDA not?"
AMD,j81q79,2020-10-09,1,0,bare_ticker,My first ever options play. I had AMD but I was under PDT so my retarded ass didn’t sell during the event. From +$1500 to -$2100 overnight. I’m happy to join you guys...,[removed]
AMD,jizagr,2020-10-27,1,0,bare_ticker,Bought AMD calls few weeks back. They fell. Bought the dip. They‘re also falling,
AMD,5lw45i,2017-01-04,1,0,bare_ticker,"Completely new, $1k to invest. Advice?",Figured it's time to start making my money work for me. I know I'm not YOLO status like some of you but any advice would be nice. Planning on putting it into AMD. Make a nice profit this weekend at CES. Turn around and put it into TPIV. Ride it for a couple weeks see if I can get a modest gain. Then
AMD,cndoz5,2019-08-07,1,0,bare_ticker,How much coke can I buy with my 8/9 $29.50 amd calls?,[removed]
AMD,55ej41,2016-10-01,1,0,bare_ticker,yolo on amd,[removed]
AMD,79ctfz,2017-10-28,1,0,bare_ticker,Last night in traffic this guy told me to buy AMD,[removed]
AMD,dl69u8,2019-10-21,1,0,bare_ticker,AMD calls bought months ago finally breaking even,[removed]
BA,107nn8l,2023-01-09,1,0,bare_ticker,"New Strategy: Post some DD on a company, buy the options before WSB gets there, then sell! (Looking at you BA DD)",[removed]
BA,jew0ka,2020-10-20,1,0,bare_ticker,"Day trading LEAPS a legit, low-risk strategy?",Any of you who hold LEAPS notice how the premiums fluctuate up and down daily on a repeat basis despite the underlying not even moving? I have recently started buying LEAPS and subsequently placing limit sell orders in the range of $100-200 higher than my buy price. Sometimes I get filled within 30 
BA,9linps,2018-10-05,15,1,bare_ticker,Today's Top WSB Tickers,"10/04/2018nnnTo help you YOLO your money away, here are all of the tickers mentioned in all the posts within the past 24 hours (and links to their Yahoo Finance page):nnNote: this is a trial run. I plan on correcting the formatting to shrink the length down for tomorrow and will eventually add senti"
BA,og7n4r,2021-07-08,3,1,bare_ticker,"TD Ameritrade ain't the easiest to show gains, but here's another 9k in BA/AMZN/AAPL puts bought yesterday, and sold today, easy money :)",
BA,mgn5qd,2021-03-30,2,1,bare_ticker,Lets talk about SPACE baby - the next wave of companies ARKX will pick up,"By now we have all seen the things Cathy put in her new space exploration ETF from obvious inclusions like KTOS and LHX to head scratchers John Deere to Netflix and her own 3D printing ETF. Obviously the fund is actively managed so new companies will be acquired, reweighted, and blah blah blah. What"
BA,gg5t96,2020-05-09,1,0,bare_ticker,Why not selling 0DTE credit spreads 3 times a week to fund your FDs & yolos?,"Tl,dr sell 0DTE credit spreads on Mondays, Wednesdays and Fridays to fund your yolos.nnEdit: today’s p&l attachednnThis is my most consistent and profitable strategy.nnThe goal here is to let the options expire worthless and since it’s 0DTE it doesn’t tie up your capital or buying power. You can do "
BA,gb2fj5,2020-04-30,1,0,bare_ticker,DFS 5/1 43P Insider Trading,"**DISCLAIMER:** This is a very high risk trade. DO NOT ENTER IF YOU'RE NOT WILLING TO LOSE MONEY. We're talking about an option expiring tomorrow, literally the FDist of FDsnn**TL,DR; read the damn title you retard**nn&#x200B;nnHere it is ladies and gents, the holy grail of UOA, textbook insider tra"
BA,srucrl,2022-02-13,1,0,bare_ticker,"CALLS/PUTS: DDOG, GME, BA, XBI (details in comments)",[removed]
BA,hwgkhw,2020-07-23,1,0,bare_ticker,BA technicals - Bullish formation?,
BA,lmic3q,2021-02-18,1,0,bare_ticker,"T+2, and why Citadel is winning tomorrow","Looking through the prepared testimonies for tomorrow, you will notice that (for good reason), there is a paucity of discussion regarding the mechanisms behind the price action of GME, and (from Vlad’s testimony), a great deal of discussion regarding the mechanism of factors that contributed to trad"
BA,etp5w2,2020-01-25,1,0,bare_ticker,Actual footage of moom landing buy ba calls they gonna take us to titan,[removed]
BA,g49iwg,2020-04-19,1,0,bare_ticker,Follow the smart money?,"[Unusual option activities](https://www.barchart.com/options/unusual-activity/stocks?orderBy=volume&orderDir=desc)nnLong story short, browsing at this unusal CZR May, June calls had me wondering, what are your thoughts on it? nnLast time, that happened with BA calls last Thursday, I've missed out on"
BA,g1s8fr,2020-04-15,1,0,bare_ticker,GO ALL IN ON BA PUTS,[removed]
BA,4e6yiy,2016-04-10,4,1,bare_ticker,Large Call and Put blocks that expire in April,"**CALLS**n					n* 	WY	April 2016 $27 Calls	3,000	$1.90	8/26/2015n* 	WFC	April $52.50 Calls	10,000	$2.45	9/18/2015n* 	AET	April 2016 $100 Calls	14,500	$12.10	10/23/2015n* 	TV	April 2016 $30 Calls	5,000	$1.35	11/17/2015n* 	CELG	April 2016 $120 Calls	3,000	$5.65	12/2/2015n* 	CTSH	April 2016 $65 Calls	3"
BA,erzi6c,2020-01-21,1,0,bare_ticker,Seems like BA halted all options activity?,"Just went to BA options, all have been set to 0.01, though I don't see any news around it anywhere? Screenshot: https://i.redd.it/pd4dpmr0m6c41.jpg"
DIS,bma800,2019-05-08,1,0,bare_ticker,Rip dis calls,[removed]
DIS,fnrt2k,2020-03-23,5,1,bare_ticker,"Aggressive Options, PTON-AMZN-WDC-FEYE","Today  I included the aggressive orders, PTON seems really aggressive, but the IV is so high now I think it may be too late to jump into it.nnThese  options orders are on or above the ask. Many have the same expiry and   strike. Also lots  of the orders were sweeps so these ppl were breaking down th"
DIS,4ikgds,2016-05-09,1,0,bare_ticker,DIS Earnings tomorrow,They're expected to outperform; anyone laying down on them today?nnEdit: well fuck
DIS,lhb0xd,2021-02-11,1,0,bare_ticker,27k DIS yolo,[removed]
DIS,gb83wa,2020-05-01,1,0,bare_ticker,"DIS has earnings call Mar 5. Any thoughts on a further dip, or do we think that’s now baked in?",
DIS,yupb8g_label2,2022-11-14,4,1,bare_ticker,"My Full Plan for this Week 11/14 + Challenge Update (3 Earnings Plays, 3 MAJOR Economic Event (PPI + UK Budget), 5 Stocks & 1 Lotto 10x Play)","Hello ladies and gentlemennnI'm ash, and i write detailed DD on stocks and events, so last week I published my Full plan and analysis.In this post, we will covernn* $2k to $100k Challenge Updaten* This week’s Earningsn* This Week's Major Economic Eventsn* This week’s Watchlistn* This Week’s lotto 10"
DIS,hqt3su,2020-07-14,1,0,bare_ticker,DIS Puts?!?!?,
DIS,lmdz93,2021-02-18,1,0,bare_ticker,DD: Arbitrage opportunity on eBay DIS stock certificates?,[removed]
DIS,hn510r,2020-07-07,1,0,bare_ticker,"The ten stonk commandments, one...","I’ve been in this game for (0.5) yearsnnIt’s made me an autistic bullnnThere’s rules to this shitnnI wrote me a manualnnA step by step booklet for you to getnnYour account on track, not your margin called backnnRule nombre unonnNever let theta gang knownnHow much dough you hold, cause you knownnThat"
DIS,gn1bo2,2020-05-20,7,1,bare_ticker,Day 7 5/16 : From Down to Up - The Road to $18385.37 -19.40% ($2364.82 - $1904.13),"Well it's official, working my day job provides better returns than me day trading. I will admit that I was kind of hoping to put that to rest and be able to double my income, but the unfortunate reality is that I cannot.nnToday was by far the worst day of me day trading so far, and a myriad of issu"
DIS,8htok4,2018-05-08,1,0,bare_ticker,I need your help brethren. DIS calls/puts?,
DIS,q2p1qb,2021-10-06,5,1,bare_ticker,Recent stock transactions by US congressmen alongside trade returns,"I've been posting updates on stock trading by congressmen on Twitter and figured there might be interest on here as well. If there is, I'd like to post daily summaries of all trades disclosed by congressmen as shown below:nn|Congressman|Stock|Action|Trade Date|Transaction Amount|Est. return to date "
DIS,d6y0b5,2019-09-20,1,0,bare_ticker,[DIS] Energy Thread (What it do?),Looks like a lot of WSB is taking it in the ass today so lets combine our energy into one place. IMO chances are dis will rally back to 138 sometime in the next couple weeks. I think we are getting some sell off because of fear in the streaming market but once this settles down and the market doesn'
DIS,dv0wyb,2019-11-11,1,0,bare_ticker,Dis Calls.,[removed]
DIS,eywnnv,2020-02-04,2,1,bare_ticker,Imagine how many Dis+ subscribers were added this week,All of China is forced to stay inside.  Think about it. DIS is announcing their subscriber numbers this earnings report.  Yeah sure they had to close down their park but its the middle of the winter over there anyway.  How many of you go to amusement parks mid winter?nnI lost all my money on tesla s
GS,cbgn24,2019-07-10,1,0,bare_ticker,"GS Options: Options Trades for Earnings; Trades: TWTR, BLK, CAT, ZNGA",[removed]
GS,7qukv7,2018-01-16,1,0,bare_ticker,"GS, MS and BAC earnings this week. Buying 25k worth of one today in anticipation. Which to pick?",[deleted]
GS,7jv9m6,2017-12-14,1,0,bare_ticker,Buying based off who's dining,"Tonight we have MFA financial as well as DDB NY and Fried Frank Harris Shriver and JacobsonnnMFA seems like a solid buy to me (rented out the whole second floor, dj, premium alcohol and food)nnDDB and FRIED aren't public, but FRIED litigates for a shit load of hedge funds or something. nnThis week w"
GS,lpez3u_label2,2021-02-22,1,0,bare_ticker,Commodity Club - Super Cycle Update,Hey all -nnI wrote to y'all back in December about an upcoming [Commodity Super Cycle](https://www.reddit.com/r/wallstreetbets/comments/kdz9v8/commodity_club_welcome_autists/?utm_source=share&utm_medium=web2x&context=3) \- figured it's time for that quarterly update. This will be a rather long post 
GS,hszh61,2020-07-17,1,0,bare_ticker,NIO $11C Nov/Jan. Buy in before the GS pump.,
GS,skliy2,2022-02-04,5,1,bare_ticker,"You Bears Are The Biggest Bitches I Ever Met, Part II","Yo, granny's back bitches.nnSo yesterday when the market went red cause the Zuck got cucked, my original post was bombarded with bear comments saying how wrong I was and how you f\*gs are shoving dicks into my mouth cause I'm holding SPY and QQQ call positions that are **ITM** and doesn't even expir"
GS,oqdnen,2021-07-23,7,1,bare_ticker,Mixed stock and options portfolio,"Let me know what you think of this mixed stocks and options portfolio that is 36% in tech stocks, 46% in non-tech stocks, and 18% in options. As of close of Thursday, portfolio is up $52K in a little over a month of portfolio.nnThe goal of this portfolio is to generate yearly returns that beat out m"
GS,vk6381,2022-06-25,1,0,bare_ticker,"Last week I modestly addressed the good people of WSB with my call of the bottom, and was shockingly bashed for it (https://www.reddit.com/r/wallstreetbets/comments/vexnyu/everyone_thinks_that_there_i","But first, let's look at an expert at work.  Hold on, isn't that a head and shoulders pattern, but bigger.  nnhttps://preview.redd.it/fdz9stfqoo791.png?width=1044&format=png&auto=webp&v=enabled&s=2517e07a1d56b20fff6a52e22cfc1e68aa21941bnnToday's move looked and felt like a blowing off the top of som"
GS,lhsm8e_label0,2021-02-11,2,1,bare_ticker,Adaptability makes HYLN a diamond in the rough [DD],**TLDR: Hyliion is a gateway drug to EV and their adaptability in the Class 8 industry makes them a great long term play with deep fucking value?.**nnIt seems like everyday there is a new company coming out of the woodworks with a plan for hydrogen fuel cell trucks or fully electric powertrains. Whi
GS,60n7p7,2017-03-21,4,1,bare_ticker,J.P. Morgan Early Look at the Market – Tues 3.21.17,[Full shit here can be viewed here](https://www.reddit.com/r/The_Street/comments/60n56g/jp_morgan_early_look_at_the_market_tues_32117/)nn-------nn#J.P. Morgan Early Look at the Market – Tues 3.21.17nnnn**PLEASE DO NOT FORWARD THIS DOCUMENT**nn#Morning Levelsn * US futures are up 3-4 pointsn * Asia: 
GS,75pdq8_label0,2017-10-11,2,1,bare_ticker,HMNY DD vs citron,"In this stage doesn’t matter if company makes money or not. Only metric that matters is sub numbers, so who cares. 1% institutional owners, ~250M market cap, barely any shares to short.. will ignore him like tesla ignores GS bashing on battery fires and more @ 120. He can’t touch us, just jealous he"
GS,43fe6g,2016-01-30,1,0,bare_ticker,World Chaos is not an 18 yr old,"He's actually an executive at GS and was able to fool WSB into buying SPY puts all month long. Then GS came in and took everybody's lunch money. And just like that, you got played..  :Dnnnnn#you are so gullible WSB!!"
GS,97einj,2018-08-15,2,1,bare_ticker,Should I Ride the Buffet Hype Train?,Warren Buffett has increased his shares in a couple of companies and it just hit news.nnI am interested in his increase of shares in GS and AAPL.nnWould it be a good idea to piggy back by buying AAPL and GS calls tomorrow morning or am I autistic?
GS,8cydlw,2018-04-17,1,0,bare_ticker,XLF Decision Time,Down 40% on some 5/18 28c. Got in at 0.71. Do I hold these bags and see this through or cut bait? Financials couldn't get their dick up even on a day like today with GS earnings and the rest of the market rallying. nnEdit: Now 42.25%nnEdit: I sold because I am a very impatient faggot
GS,mw6bf2,2021-04-22,1,0,bare_ticker,"I ordered a Fisker FSR great play, lying GS DOOSH Analyst $10 PT when BOA $31 LOL these guys are educated?",[removed]
MU,8w6ahb,2018-07-05,1,0,bare_ticker,Why is everyone worried about MU?,Doesn’t the Chinese ban only affect specific products that make up a really small part of overall revenue??
MU,9t2ngt,2018-10-31,2,1,bare_ticker,Nvidia DD - Faulty Flagship Cards,"Their latest cards are having a bunch of issues reported by users. Browsing /r/nvidia has shown that this issue is more common than normal. As of now, there's only one source covering it, CNET. I have a feeling that once more news outlets pick up this story, the stock won't fare too well (considerin"
MU,8rbn0k,2018-06-15,1,0,bare_ticker,"Switched From MU calls to SOGO calls today, literally made all the gains back from the loss.",[deleted]
MU,97e6dg,2018-08-15,1,0,bare_ticker,Want WSB's opinion on my options trade,"throwing a couple grand at $35 JD calls expiring 9/7 for 0.90, they have earnings in 2 days.nnalso bought MU $60 calls exp 10/18 for 0.77, they have earnings in late septembernnnAm i autistic?"
MU,d6yhth,2019-09-20,2,1,bare_ticker,Girlfriend does Tarot Card Readings - Give me plays over the weekend and we'll let you know whats in the cards,As the title says - My girlfriend recently got into tarot/goddess cards (dont ask). Clearly what im doing is totally wrong so why not throw my bets into fates hands.nnGive me some plays you're wondering about and we'll see what the cards have to say about it.nnEDIT: At work so will try to get to a b
MU,901j9v,2018-07-19,1,0,bare_ticker,"I'm 36, and will be broke from MU calls inside a year.",[deleted]
MU,9ozwlh,2018-10-17,1,0,bare_ticker,All MU Calls,
MU,96ioj3,2018-08-11,1,0,bare_ticker,Need to pay for school textbooks this year,I need 2500-3000. If any of you give me a advice that gets me there I’ll buy you MU calls. nnStarting with 1 grand. Go
MU,aovhhi,2019-02-09,6,1,bare_ticker,"Feb 09, 2019 | Today's Top 25 WSB Tickers","To help you YOLO your money away, here are all of the tickers mentioned at least 10 times in all the posts within the past 24 hours (and links to their Yahoo Finance page) along with a sentiment analysis percentage:nnTicker | Mentions | Bullish (%) | Neutral (%) | Bearish (%)n:- | :- | :- | :- | :-n"
MU,9fnx6q,2018-09-14,1,0,bare_ticker,Sweet MU calls,
MU,8we3c4,2018-07-05,1,0,bare_ticker,What does MU do tomorrow?,Got Calls of 53.5 and 54 for 7/13. Fuck China
MU,b9flg5,2019-04-04,1,0,bare_ticker,After blowing up my account last October with MU calls,"I've lurked these pages for long enough (since 2016 election), finally have my fair share to show. Played around and learned a lot over the last approximately 3 years. Losing about 5.5k before this liftoff over the last couple of monthsnnhttps://imgur.com/a/YjM99eSnPlays at the end of the imgur albu"
MU,8jonm7,2018-05-15,5,1,bare_ticker,Why I am Unironically Long SNAP,"1. Everyone I know under 23 years old almost exclusively communicates on Snapchat. Kids these days can barely type on traditional keyboards anymore cause they never had instant messaging.nn2. ""Instagram copies everything good Snapchat does"" No it fucking doesn't. Snapchat and Instagram are totally d"
MU,lik0nt,2021-02-12,2,1,bare_ticker,Here's a DD for you hungry little chimps. Tired of SEMICONDUCTORS? Tough. $FORM,Semiconductor shortage since 2020?nnDid you miss the MU boat?nnYou don't want to buy AMD because WSB keeps saying to and this shit's cursed?nn# tl;dr - $FORMnn***Who the fuck?***nn$FORM is a midcap company providing testing solutions for **semiconductor manufacturers**.They offer both products and s
MU,85utif,2018-03-20,1,0,bare_ticker,Is MCK the MU of healthcare?,A PE of 6.3. Profits rising every year. Why does no one want this stock?
