ticker,id,post_date,num_matched,multi_ticker_flag,title
AAPL,i0vo6s,2020-07-30,1,0,"Back in green tomorrow with Apple call, is this gain or loss??"
AAPL,louoz5,2021-02-21,1,0,I think Apple and Pepsi Stocks gonna go down this week.
AAPL,re8koa,2021-12-11,1,0,"Loss most of my college tuition money I’ve been saving up, I’m going to YOLO the rest on Apple on Monday to make it all back"
AAPL,935ibd,2018-07-30,1,0,Small AAPL PUT YOLO
AAPL,79xf4u,2017-10-31,1,0,Apple (AAPL) Breaks $169!
AMD,adiysl,2019-01-07,1,0,More $AMD wood chopping
AMD,b0lqcf_label16,2019-03-13,8,1,"Today's Pre-Market News [Wednesday, March 13th, 2019]"
AMD,793wwk,2017-10-27,1,0,AMD calls
AMD,9gisje,2018-09-17,3,1,"Buying $AMZN $2,000 $9/21 calls, then buying $AAPL $230 9/21 calls, then buying $AMD $35 9/21 calls"
AMD,q674nl,2021-10-11,2,1,Intels (INTC) alder lake recent leak shows it beat AMDs zen 3 single threaded performance by over 25%.
AMZN,kq3c2y,2021-01-04,1,0,wish to be the next amazon?
AMZN,10suqo7,2023-02-03,2,1,"Tech back at it… got back into TSLA, AMZN, and META in Dec at great discounts. My penny winner is AIAD"
AMZN,en5ms9,2020-01-11,3,1,Wtf is up with AMC?
AMZN,5tswo7,2017-02-13,3,1,**PLEASE DO NOT FORWARD THIS DOCUMENT** -- Early Look at the Market – Mon 2.13.17
AMZN,aknvdq_label16,2019-01-28,7,1,"Today's Pre-Market Movers & News [Monday, Jan. 28th, 2019]"
BA,ydlmpv,2022-10-26,2,1,2022-10-26 Better Tasting Crayons (Mathematically derived options plays)
BA,gactah,2020-04-29,1,0,Boeing
BA,5rgphf,2017-02-01,1,0,Anyone going to YOLO Boeing ?
BA,l6xrlk,2021-01-28,1,0,"Switch the strategy, do it with something they can’t halt , IE BOEING. Vital, in distress, large short positions."
BA,eln3hp,2020-01-08,1,0,It was definitely a Boeing 737 MAX on purpose to blow up Iran. BA puts.
DIS,anqsca_label11,2019-02-06,4,1,"Today's Pre-Market News [Wednesday, Feb. 6th, 2019]"
DIS,ey7300_label8,2020-02-03,6,1,"Today's Pre-Market Movers & News [Monday, February 3rd, 2020]"
DIS,10q2kij,2023-01-31,1,0,"Ok, pretty sure we discussed stuff like this before.... Now which one of yous did dis??!! Or should we be on lookout for a 10K YOLO..."
DIS,l0v2mc,2021-01-19,8,1,"Reeeeeeeeecap of today's and recent market driving news (Jan 19, 2021)"
DIS,eypvwu_label2,2020-02-04,5,1,"Today's Pre-Market Movers & News [Tuesday, February 4th, 2020]"
GOOGL,l5epj2,2021-01-26,1,0,Google is answering the most pressing questions about WSB
GOOGL,l7usy3,2021-01-29,1,0,Andrew Rousso on Youtube is one of us. GOOBLE GOBBLE ONE OF HS
GOOGL,vgdv6c,2022-06-20,1,0,How do you use custom emoji? Spent the last ten minutes searching Google & reddit but have no idea. Somebody posted a pepe emote in a comment and I can’t figure
GOOGL,lnzeho_label0,2021-02-20,3,1,"The silver short squeeze is glaringly obvious to anyone paying attention to the data, the evidence is overwhelming, just take a look for yourself, PSLV"
GOOGL,8rqshg,2018-06-17,1,0,SOGOU. Who’s in?
GS,n4qyu0,2021-05-04,1,0,Fuck Goldman In The Ear..
GS,agxxi9_label33,2019-01-17,5,1,"Today's Stock Market News [Thursday, Jan. 17th, 2019]"
GS,apg7pf_label30,2019-02-11,8,1,"Today's Pre-Market News [Monday, Feb. 11th, 2019]"
GS,9sor7i,2018-10-30,1,0,"Goldman Research: Index Volatility: VIX Hasn't Hit 30, But Some Volatility Metrics Above Post-February Peaks"
GS,l4uw60,2021-01-25,1,0,Goldman Sachs - the 150 yr old finetch ?
INTC,mx15f1,2021-04-23,1,0,INTEL OPTION TO THE MOON???
INTC,ljp713_label2,2021-02-14,8,1,Why I think AMD is going up a lot soon
INTC,966cdp,2018-08-10,1,0,Fresh downgrade for INTC comes with free Su Bae upgrade! Intel call holders on suicide watch
INTC,hysqtw,2020-07-27,1,0,Anyone buying the Intel dip today?
INTC,ydakfh,2022-10-25,1,0,Strangle me good Intel $INTC
JPM,l71uuz,2021-01-28,1,0,GME is open to buy at Chase Bank
JPM,o7c0wj,2021-06-24,1,0,Mitigating Risks and Maximizing Returns using Collateral Plays - In Depth Trade Thesis
JPM,l67vhl,2021-01-27,1,0,Aberdeen Standard Physical Platinum
JPM,b07by3_label17,2019-03-12,7,1,"Today's Pre-Market News [Tuesday, March 12th, 2019]"
JPM,cb9k8m,2019-07-10,1,0,Boys at JPM were planning an epic party!
MSFT,8zvys7,2018-07-18,1,0,Safe $MSFT earnings play
MSFT,ib8uh0,2020-08-17,2,1,Finding the Next Kodak - A Crowdsourcing Adventure
MSFT,j707ht,2020-10-07,1,0,Activision Blizzard(ATVI)
MSFT,skliy2,2022-02-04,5,1,"You Bears Are The Biggest Bitches I Ever Met, Part II"
MSFT,gah5rz,2020-04-29,3,1,"$FB, $MSFT, $QCOM, $TSLA* earnings after hours, and Fed will continue zero interest rates and money printing. All in on calls for all 4 of them, plus calls on $"
MU,6jonhr,2017-06-26,1,0,"MU jul21 calls strike price of $32, if MU goes to the moon after earnings what happens to IV?"
MU,7p7i7w,2018-01-09,1,0,"Discount Tuesday, whats everyone buying?"
MU,xjn4qc_label20,2022-09-20,3,1,volume leaders at the close - 09.20.22
MU,xjn4qc_label74,2022-09-20,3,1,volume leaders at the close - 09.20.22
MU,8d4zuh,2018-04-18,1,0,"Notes from the Lam Research conference call last night: ‘cyclical market’ chant on memory firms like Micron is bullshit.. it’s the Data Economy, stupid"
NFLX,layw05,2021-02-02,1,0,"AMC maybe down to $1. I’ll buy even more. I can see future in AMC. They can be bought out by bigger investor like NETFLIX,CINEMARK,Etc..."
NFLX,hoqvii,2020-07-10,3,1,"$NFLX - street bullish on Q2 (Jul 16), but estimates span a pretty wide range"
NFLX,kvp3x7,2021-01-12,3,1,"Rectifying The name of the ""Becky Index"""
NFLX,639yqs,2017-04-03,1,0,Netflix gets caution flag ahead of Q1 earnings
NFLX,opdfja,2021-07-22,1,0,($T) HBO Max gains 2.8 million subscribers to $NFLX's 1.5 million subscriber gain for Q2 2021
NVDA,oipj9c_label8,2021-07-12,4,1,Forecasted earnings for the most popular WSB tickers: $GME $AMC $BB $PSFE $SOFI $SPCE $TSLA $AMD $NVDA $CLF
NVDA,aq6i69_label50,2019-02-13,3,1,"Today's Pre-Market News [Wednesday, Feb. 13th, 2019]"
NVDA,nkhk9y,2021-05-25,1,0,Technical Analysis on Stock splits (NVDA) ??
NVDA,eu61ml,2020-01-26,4,1,$TSM
NVDA,97da56,2018-08-14,1,0,Who’s Planning on playing NVDA ER? And predictions and plays
TSLA,107q6ac,2023-01-09,1,0,"Angry Tesla customers in China storming a TSLA store, demanding refunds"
TSLA,92eao7,2018-07-27,1,0,$TSLA IS DIVING RAPIDLY. MUSK CONTINUES TO HAVE OUTBURSTS ON TWITTER. SHORT TESLA BOIS
TSLA,f0nplu,2020-02-08,1,0,Not even a virus can stop tesla
TSLA,hwg01w,2020-07-23,1,0,Think we're in a circus? Go long on SLV
TSLA,vumgai,2022-07-08,1,0,Elon Musk pulls out of $44 billion Twitter deal
WMT,s9jz9b,2022-01-21,1,0,Spirit Airlines ($SAVE) - I Just dropped my life savings into Spirit Airlines
WMT,10g10x0,2023-01-19,2,1,13 stocks with bullish signals & 150 stocks with bearish signals from US markets
WMT,rk2nt6_label1,2021-12-19,7,1,ROKU - Streaming’s best kept secret?
WMT,l6l5td,2021-01-28,1,0,"Time to reach underneath the kitchen counter, behind the ball of Walmart bags, grab those magnificent and gargantuan bronze set of balls and strap up. BUY GME.."
WMT,9qrx12,2018-10-23,1,0,Leaked: ER for Wal-Mart from 2018Q4-2019Q2
