ticker,event_id,rdq,post_dt,fb_p_pos,fb_p_neu,fb_p_neg,fb_score,fb_label,text
AAPL,AAPL_20220728,2022-07-28,2022-07-27,0.0074,0.0176,0.975,-0.9676,negative,"Meta revenue fell quarter over quarter first time ever…. Scrubs Meta reported earnings after the bell. Here are the results:nnEarnings: $2.46 per share vs. $2.59 per share, according to RefinitivnRevenue: $28.82 billion vs. $28.94 billion, according to RefinitivnMeta shares have lost about half their value since the beginning of the year, underscoring investor concern about the health of the compa"
AAPL,AAPL_20221027,2022-10-27,2022-10-26,0.0086,0.0162,0.9751,-0.9665,negative,"Meta shares plummet 12% on weak fourth-quarter forecast and earnings miss * Meta reported a second straight quarterly revenue decline and is forecasting another drop in the fourth quarter.n* The company’s Reality Labs division, which houses its VR headsets, lost over $9 billion in the first three quarters.n* The stock plunged in extended trading after already losing two-thirds of its value so far "
TSLA,TSLA_20180801,2018-08-01,2018-07-30,0.0071,0.0194,0.9735,-0.9664,negative,Tesla earnings Aug 1st Any thoughts or bets on Tesla with this earning date coming up. Stock is currently down 5% from the past week.
AMZN,AMZN_20220428,2022-04-28,2022-04-23,0.0071,0.0194,0.9735,-0.9664,negative,"FAANG market is not only looking forward to Apple! Tech stocks have come under intense pressure this year, with supply chains, raw materials, and employees all weighing on their profits. Apple, a FAANG member and the most anticipated company in the market, is about the only stock that could ""do well,"" as opposed to the conservative or even gloomy expectations of other tech giants.nAs stocks tumble"
AMZN,AMZN_20220428,2022-04-28,2022-04-23,0.0071,0.0194,0.9735,-0.9664,negative,"FAANG market is not only looking forward to Apple! Tech stocks have come under intense pressure this year, with supply chains, raw materials, and employees all weighing on their profits. Apple, a FAANG member and the most anticipated company in the market, is about the only stock that could ""do well,"" as opposed to the conservative or even gloomy expectations of other tech giants.nAs stocks tumble"
AMZN,AMZN_20220428,2022-04-28,2022-04-23,0.0071,0.0194,0.9735,-0.9664,negative,"FAANG market is not only looking forward to Apple! Tech stocks have come under intense pressure this year, with supply chains, raw materials, and employees all weighing on their profits. Apple, a FAANG member and the most anticipated company in the market, is about the only stock that could ""do well,"" as opposed to the conservative or even gloomy expectations of other tech giants.nAs stocks tumble"
AAPL,AAPL_20220428,2022-04-28,2022-04-23,0.0071,0.0194,0.9735,-0.9664,negative,"FAANG market is not only looking forward to Apple! Tech stocks have come under intense pressure this year, with supply chains, raw materials, and employees all weighing on their profits. Apple, a FAANG member and the most anticipated company in the market, is about the only stock that could ""do well,"" as opposed to the conservative or even gloomy expectations of other tech giants.nAs stocks tumble"
GOOGL,GOOGL_20220426,2022-04-26,2022-04-23,0.0071,0.0194,0.9735,-0.9664,negative,"FAANG market is not only looking forward to Apple! Tech stocks have come under intense pressure this year, with supply chains, raw materials, and employees all weighing on their profits. Apple, a FAANG member and the most anticipated company in the market, is about the only stock that could ""do well,"" as opposed to the conservative or even gloomy expectations of other tech giants.nAs stocks tumble"
GOOGL,GOOGL_20220426,2022-04-26,2022-04-23,0.0071,0.0194,0.9735,-0.9664,negative,"FAANG market is not only looking forward to Apple! Tech stocks have come under intense pressure this year, with supply chains, raw materials, and employees all weighing on their profits. Apple, a FAANG member and the most anticipated company in the market, is about the only stock that could ""do well,"" as opposed to the conservative or even gloomy expectations of other tech giants.nAs stocks tumble"
GOOGL,GOOGL_20220426,2022-04-26,2022-04-23,0.0071,0.0194,0.9735,-0.9664,negative,"FAANG market is not only looking forward to Apple! Tech stocks have come under intense pressure this year, with supply chains, raw materials, and employees all weighing on their profits. Apple, a FAANG member and the most anticipated company in the market, is about the only stock that could ""do well,"" as opposed to the conservative or even gloomy expectations of other tech giants.nAs stocks tumble"
AMZN,AMZN_20220428,2022-04-28,2022-04-23,0.0071,0.0194,0.9735,-0.9664,negative,"FAANG market is not only looking forward to Apple! Tech stocks have come under intense pressure this year, with supply chains, raw materials, and employees all weighing on their profits. Apple, a FAANG member and the most anticipated company in the market, is about the only stock that could ""do well,"" as opposed to the conservative or even gloomy expectations of other tech giants.nAs stocks tumble"
AMZN,AMZN_20220428,2022-04-28,2022-04-23,0.0071,0.0194,0.9735,-0.9664,negative,"FAANG market is not only looking forward to Apple! Tech stocks have come under intense pressure this year, with supply chains, raw materials, and employees all weighing on their profits. Apple, a FAANG member and the most anticipated company in the market, is about the only stock that could ""do well,"" as opposed to the conservative or even gloomy expectations of other tech giants.nAs stocks tumble"
AAPL,AAPL_20220428,2022-04-28,2022-04-23,0.0071,0.0194,0.9735,-0.9664,negative,"FAANG market is not only looking forward to Apple! Tech stocks have come under intense pressure this year, with supply chains, raw materials, and employees all weighing on their profits. Apple, a FAANG member and the most anticipated company in the market, is about the only stock that could ""do well,"" as opposed to the conservative or even gloomy expectations of other tech giants.nAs stocks tumble"
AAPL,AAPL_20220428,2022-04-28,2022-04-23,0.0071,0.0194,0.9735,-0.9664,negative,"FAANG market is not only looking forward to Apple! Tech stocks have come under intense pressure this year, with supply chains, raw materials, and employees all weighing on their profits. Apple, a FAANG member and the most anticipated company in the market, is about the only stock that could ""do well,"" as opposed to the conservative or even gloomy expectations of other tech giants.nAs stocks tumble"
AMZN,AMZN_20220428,2022-04-28,2022-04-23,0.0071,0.0194,0.9735,-0.9664,negative,"FAANG market is not only looking forward to Apple! Tech stocks have come under intense pressure this year, with supply chains, raw materials, and employees all weighing on their profits. Apple, a FAANG member and the most anticipated company in the market, is about the only stock that could ""do well,"" as opposed to the conservative or even gloomy expectations of other tech giants.nAs stocks tumble"
AAPL,AAPL_20220428,2022-04-28,2022-04-23,0.0071,0.0194,0.9735,-0.9664,negative,"FAANG market is not only looking forward to Apple! Tech stocks have come under intense pressure this year, with supply chains, raw materials, and employees all weighing on their profits. Apple, a FAANG member and the most anticipated company in the market, is about the only stock that could ""do well,"" as opposed to the conservative or even gloomy expectations of other tech giants.nAs stocks tumble"
AAPL,AAPL_20220428,2022-04-28,2022-04-23,0.0071,0.0194,0.9735,-0.9664,negative,"FAANG market is not only looking forward to Apple! Tech stocks have come under intense pressure this year, with supply chains, raw materials, and employees all weighing on their profits. Apple, a FAANG member and the most anticipated company in the market, is about the only stock that could ""do well,"" as opposed to the conservative or even gloomy expectations of other tech giants.nAs stocks tumble"
AAPL,AAPL_20220428,2022-04-28,2022-04-23,0.0071,0.0194,0.9735,-0.9664,negative,"FAANG market is not only looking forward to Apple! Tech stocks have come under intense pressure this year, with supply chains, raw materials, and employees all weighing on their profits. Apple, a FAANG member and the most anticipated company in the market, is about the only stock that could ""do well,"" as opposed to the conservative or even gloomy expectations of other tech giants.nAs stocks tumble"
GOOGL,GOOGL_20220426,2022-04-26,2022-04-23,0.0071,0.0194,0.9735,-0.9664,negative,"FAANG market is not only looking forward to Apple! Tech stocks have come under intense pressure this year, with supply chains, raw materials, and employees all weighing on their profits. Apple, a FAANG member and the most anticipated company in the market, is about the only stock that could ""do well,"" as opposed to the conservative or even gloomy expectations of other tech giants.nAs stocks tumble"
GOOGL,GOOGL_20220426,2022-04-26,2022-04-23,0.0071,0.0194,0.9735,-0.9664,negative,"FAANG market is not only looking forward to Apple! Tech stocks have come under intense pressure this year, with supply chains, raw materials, and employees all weighing on their profits. Apple, a FAANG member and the most anticipated company in the market, is about the only stock that could ""do well,"" as opposed to the conservative or even gloomy expectations of other tech giants.nAs stocks tumble"
GOOGL,GOOGL_20220426,2022-04-26,2022-04-23,0.0071,0.0194,0.9735,-0.9664,negative,"FAANG market is not only looking forward to Apple! Tech stocks have come under intense pressure this year, with supply chains, raw materials, and employees all weighing on their profits. Apple, a FAANG member and the most anticipated company in the market, is about the only stock that could ""do well,"" as opposed to the conservative or even gloomy expectations of other tech giants.nAs stocks tumble"
AMD,AMD_20230131,2023-01-31,2023-01-27,0.0092,0.0157,0.9751,-0.9659,negative,"Intel 'stumbled,' CEO says; shares drop 9.5% as loss forecast Intel Corp said on Thursday it expects to lose money in the current quarter, surprising investors with a bleaker-than-expected outlook for both the PC market and slowing growth in its key data center division.nnThe company's shares fell 9.5% in trading after the bell.nn""We stumbled, right, we lost share, we lost momentum. We think that "
AMD,AMD_20230131,2023-01-31,2023-01-27,0.0092,0.0157,0.9751,-0.9659,negative,"Intel 'stumbled,' CEO says; shares drop 9.5% as loss forecast Intel Corp said on Thursday it expects to lose money in the current quarter, surprising investors with a bleaker-than-expected outlook for both the PC market and slowing growth in its key data center division.nnThe company's shares fell 9.5% in trading after the bell.nn""We stumbled, right, we lost share, we lost momentum. We think that "
TSLA,TSLA_20200129,2020-01-29,2020-01-24,0.0087,0.0177,0.9736,-0.9649,negative,Mentally delayed analysts expects Tesla to drop to $0 
GS,GS_20181016,2018-10-16,2018-10-15,0.0097,0.016,0.9743,-0.9646,negative,Goldman warns Apple's earnings could fall short this year on 'rapidly slowing' demand in China 
AAPL,AAPL_20160726,2016-07-26,2016-07-25,0.0095,0.0165,0.974,-0.9646,negative,Rumors of the death of inverse have been greatly exaggerated. [Says to go long AAPL this week](https://www.reddit.com/r/fscomeau/comments/4uae5p/imho_apple_jumps_postearnings/).. Currently down over 1.2% and still dropping.
AAPL,AAPL_20220428,2022-04-28,2022-04-27,0.0091,0.0179,0.973,-0.9639,negative,"Facebook parent $Meta earnings are out – here are the numbers [https://www.cnbc.com/?BREAKING%20Facebook%20parent%20Meta%20earnings%20are%20out%20%E2%80%93%20here%20are%20the%20numbers](https://www.cnbc.com/?BREAKING%20Facebook%20parent%20Meta%20earnings%20are%20out%20%E2%80%93%20here%20are%20the%20numbers)nn nn[Meta](https://www.cnbc.com/quotes/FB), the company formerly known as Facebook, reporte"
AAPL,AAPL_20220428,2022-04-28,2022-04-27,0.0091,0.0179,0.973,-0.9639,negative,"Facebook parent $Meta earnings are out – here are the numbers [https://www.cnbc.com/?BREAKING%20Facebook%20parent%20Meta%20earnings%20are%20out%20%E2%80%93%20here%20are%20the%20numbers](https://www.cnbc.com/?BREAKING%20Facebook%20parent%20Meta%20earnings%20are%20out%20%E2%80%93%20here%20are%20the%20numbers)nn nn[Meta](https://www.cnbc.com/quotes/FB), the company formerly known as Facebook, reporte"
MU,MU_20221221,2022-12-21,2022-12-19,0.0096,0.0177,0.9727,-0.9631,negative,"Micron Technology $MU earnings play Micron Technology begins to ship out the world's first NVMe SSD with 232-layer NAND to laptop and PC producers -- the highest triple-level cell (TLC) storage density ever, with power savings of 30% per-bit transfer, which should extend battery life in laptops without sacrificing performance.nn[MU Weekly Chart](https://preview.redd.it/s6iya59wvv6a1.png?width=1476"
AAPL,AAPL_20221027,2022-10-27,2022-10-26,0.0074,0.0221,0.9705,-0.963,negative,"compilation of Bad news around AAPL I wanted to make a compilation of all the bad news surrounding Apple ahead of earnings on the 27th. nnhttps://www.forbes.com/sites/gordonkelly/2022/10/05/apple-iphone-14-pro-max-used-price-resale-value/amp/ nnTldr : used phone retailer SellCell says that price of IPhone 14 resale has dropped by 50%, meaning people don't want to hold on to their phones and want t"
AAPL,AAPL_20221027,2022-10-27,2022-10-26,0.0074,0.0221,0.9705,-0.963,negative,"compilation of Bad news around AAPL I wanted to make a compilation of all the bad news surrounding Apple ahead of earnings on the 27th. nnhttps://www.forbes.com/sites/gordonkelly/2022/10/05/apple-iphone-14-pro-max-used-price-resale-value/amp/ nnTldr : used phone retailer SellCell says that price of IPhone 14 resale has dropped by 50%, meaning people don't want to hold on to their phones and want t"
AAPL,AAPL_20221027,2022-10-27,2022-10-26,0.0074,0.0221,0.9705,-0.963,negative,"compilation of Bad news around AAPL I wanted to make a compilation of all the bad news surrounding Apple ahead of earnings on the 27th. nnhttps://www.forbes.com/sites/gordonkelly/2022/10/05/apple-iphone-14-pro-max-used-price-resale-value/amp/ nnTldr : used phone retailer SellCell says that price of IPhone 14 resale has dropped by 50%, meaning people don't want to hold on to their phones and want t"
NVDA,NVDA_20200521,2020-05-21,2020-05-16,0.0085,0.0201,0.9714,-0.9629,negative,"Wall Street Week Ahead for the trading week beginning May 18th, 2020 Good Saturday morning to all of you here on r/wallstreetbets. I hope everyone on this sub made out pretty nicely in the market this past week, and is ready for the new trading week ahead.nnHere is everything you need to know to get you ready for the trading week beginning May 18th, 2020.nn# **Stocks could be stuck in a range unti"
WMT,WMT_20200519,2020-05-19,2020-05-16,0.0085,0.0201,0.9714,-0.9629,negative,"Wall Street Week Ahead for the trading week beginning May 18th, 2020 Good Saturday morning to all of you here on r/wallstreetbets. I hope everyone on this sub made out pretty nicely in the market this past week, and is ready for the new trading week ahead.nnHere is everything you need to know to get you ready for the trading week beginning May 18th, 2020.nn# **Stocks could be stuck in a range unti"
NVDA,NVDA_20200521,2020-05-21,2020-05-16,0.0085,0.0201,0.9714,-0.9629,negative,"Wall Street Week Ahead for the trading week beginning May 18th, 2020 Good Saturday morning to all of you here on r/wallstreetbets. I hope everyone on this sub made out pretty nicely in the market this past week, and is ready for the new trading week ahead.nnHere is everything you need to know to get you ready for the trading week beginning May 18th, 2020.nn# **Stocks could be stuck in a range unti"
WMT,WMT_20200519,2020-05-19,2020-05-16,0.0085,0.0201,0.9714,-0.9629,negative,"Wall Street Week Ahead for the trading week beginning May 18th, 2020 Good Saturday morning to all of you here on r/wallstreetbets. I hope everyone on this sub made out pretty nicely in the market this past week, and is ready for the new trading week ahead.nnHere is everything you need to know to get you ready for the trading week beginning May 18th, 2020.nn# **Stocks could be stuck in a range unti"
NVDA,NVDA_20200521,2020-05-21,2020-05-16,0.0085,0.0201,0.9714,-0.9629,negative,"Wall Street Week Ahead for the trading week beginning May 18th, 2020 Good Saturday morning to all of you here on r/wallstreetbets. I hope everyone on this sub made out pretty nicely in the market this past week, and is ready for the new trading week ahead.nnHere is everything you need to know to get you ready for the trading week beginning May 18th, 2020.nn# **Stocks could be stuck in a range unti"
NVDA,NVDA_20200521,2020-05-21,2020-05-16,0.0085,0.0201,0.9714,-0.9629,negative,"Wall Street Week Ahead for the trading week beginning May 18th, 2020 Good Saturday morning to all of you here on r/wallstreetbets. I hope everyone on this sub made out pretty nicely in the market this past week, and is ready for the new trading week ahead.nnHere is everything you need to know to get you ready for the trading week beginning May 18th, 2020.nn# **Stocks could be stuck in a range unti"
WMT,WMT_20200519,2020-05-19,2020-05-16,0.0085,0.0201,0.9714,-0.9629,negative,"Wall Street Week Ahead for the trading week beginning May 18th, 2020 Good Saturday morning to all of you here on r/wallstreetbets. I hope everyone on this sub made out pretty nicely in the market this past week, and is ready for the new trading week ahead.nnHere is everything you need to know to get you ready for the trading week beginning May 18th, 2020.nn# **Stocks could be stuck in a range unti"
WMT,WMT_20200519,2020-05-19,2020-05-16,0.0085,0.0201,0.9714,-0.9629,negative,"Wall Street Week Ahead for the trading week beginning May 18th, 2020 Good Saturday morning to all of you here on r/wallstreetbets. I hope everyone on this sub made out pretty nicely in the market this past week, and is ready for the new trading week ahead.nnHere is everything you need to know to get you ready for the trading week beginning May 18th, 2020.nn# **Stocks could be stuck in a range unti"
MU,MU_20180620,2018-06-20,2018-06-12,0.0098,0.0174,0.9727,-0.9629,negative,RIP $MU: SSD Prices are dropping Significantly 
AMZN,AMZN_20220203,2022-02-03,2022-01-24,0.0076,0.022,0.9704,-0.9628,negative,"History of Stock Market Crashes With a correction happening at the moment, I thought I would post a history of all stock market crashes.nn&#x200B;nn* **Tulip mania** \- Happened around 1634-1637 in Dutch, which some single tulip bulbs allegedly sold for more than 10 times the annual income of a skilled artisan, is often considered to be the first recorded economic bubble.n* **Panic of 1907** \- In"
AMZN,AMZN_20220203,2022-02-03,2022-01-24,0.0076,0.022,0.9704,-0.9628,negative,"History of Stock Market Crashes With a correction happening at the moment, I thought I would post a history of all stock market crashes.nn&#x200B;nn* **Tulip mania** \- Happened around 1634-1637 in Dutch, which some single tulip bulbs allegedly sold for more than 10 times the annual income of a skilled artisan, is often considered to be the first recorded economic bubble.n* **Panic of 1907** \- In"
NVDA,NVDA_20210224,2021-02-24,2021-02-19,0.0085,0.0203,0.9712,-0.9627,negative,GUH - Down 74% this Week on TSM/NVDA/ASML/SQ [deleted]
NVDA,NVDA_20210224,2021-02-24,2021-02-19,0.0085,0.0203,0.9712,-0.9627,negative,GUH - Down 74% this Week on TSM/NVDA/ASML/SQ [deleted]
NVDA,NVDA_20210224,2021-02-24,2021-02-19,0.0085,0.0203,0.9712,-0.9627,negative,GUH - Down 74% this Week on TSM/NVDA/ASML/SQ [deleted]
NVDA,NVDA_20210224,2021-02-24,2021-02-19,0.0085,0.0203,0.9712,-0.9627,negative,GUH - Down 74% this Week on TSM/NVDA/ASML/SQ [deleted]
AMZN,AMZN_20220203,2022-02-03,2022-01-26,0.0089,0.0196,0.9715,-0.9626,negative,"The ""ultimate trailer"" for interest rate hikes will be released soon? Which asset class stocks can be the first to break out? Many industry insiders say the Fed may be expected to signal plans to raise interest rates in March at this week's rate meeting, which would be the first time the Fed has tightened monetary policy since it cut rates to near-zero levels following the outbreak of the epidemic"
GOOGL,GOOGL_20220201,2022-02-01,2022-01-26,0.0089,0.0196,0.9715,-0.9626,negative,"The ""ultimate trailer"" for interest rate hikes will be released soon? Which asset class stocks can be the first to break out? Many industry insiders say the Fed may be expected to signal plans to raise interest rates in March at this week's rate meeting, which would be the first time the Fed has tightened monetary policy since it cut rates to near-zero levels following the outbreak of the epidemic"
AMZN,AMZN_20220203,2022-02-03,2022-01-26,0.0089,0.0196,0.9715,-0.9626,negative,"The ""ultimate trailer"" for interest rate hikes will be released soon? Which asset class stocks can be the first to break out? Many industry insiders say the Fed may be expected to signal plans to raise interest rates in March at this week's rate meeting, which would be the first time the Fed has tightened monetary policy since it cut rates to near-zero levels following the outbreak of the epidemic"
