ticker,event_id,rdq,post_dt,score,num_comments,raw_compound,adp_compound,compound_delta,raw_label,adp_label,text_clean,text_processed
MU,MU_20200325,2020-03-25,2020-03-21,108,18,0.9792,-0.9556,-1.9348,positive,negative,"Wall Street Week Ahead for the trading week beginning March 23rd, 2020 Good Saturday afternoon to all of you here on r/wallstreetbets. I hope everyone on this sub made out pretty nicely in the market this past week, and is ready for the new trading week ahead.nnHere is everything you need to know to get you ready for the trading week beginning March 23rd, 2020.nn# **Another harrowing week looms fo","Wall Street Week Ahead for the trading week beginning March 23rd, 2020 Good Saturday afternoon to all of you here on r/wallstreetbets. I hope everyone on this sub made out pretty nicely in the market this past week, and is ready for the new trading week ahead.nnHere is everything you need to know to get you ready for the trading week beginning March 23rd, 2020.nn# **Another harrowing week looms fo"
MSFT,MSFT_20200429,2020-04-29,2020-04-25,30,63,0.877,-0.8731,-1.7500999,positive,negative,"DD - $FLIR big news breaking this weekend! For those uninitiated, read my and u/Vainglory27 's DD. All credit goes to him for discovering this opportunity.nn&nbsp;nnFor those of you who read and followed my DD on Tuesday morning:nnI'm sorry for those who bought FLIR calls at the peak of $43 and then paper-handed at a loss later this week. Buy high, sell low. nn&nbsp;nnBut to those of you that held","DD - $FLIR big news breaking this weekend! For those uninitiated, read my and u/Vainglory27 's DD. All credit goes to him for discovering this opportunity.nn&nbsp;nnFor those of you who read and followed my DD on Tuesday morning:nnI'm sorry for those who bought FLIR calls at the peak of $43 and then paper-handed at a loss later this week. Buy high, sell low. nn&nbsp;nnBut to those of you that held"
GOOGL,GOOGL_20210202,2021-02-02,2021-01-25,2182,652,-0.7218,0.9871,1.7089,negative,positive,"MOATA/DD for the MOASS - There will be more than one GME Squeeze nThe actual research is way, way to long to post here. It's an 8-page document you can find here.nn nn# Mother of all TA for the Mother of All Squeezesnn# WHY GME WILL SQUEEZE MORE THAN ONCEnnWarning – no rocket emojis or wife’s boyfriend jokes here. The tendies we are about to suckle upon are above jokes. This is serious fucking ten","MOATA/DD for the MOASS - There will be more than one GME Squeeze nThe actual research is way, way to long to post here. It's an 8-page document you can find here.nn nn# Mother of all TA for the Mother of All Squeezesnn# WHY GME WILL SQUEEZE MORE THAN ONCEnnWarning – no rocket emojis or wife’s boyfriend jokes here. The tendies we are about to suckle upon are above jokes. This is serious fucking ten"
GOOGL,GOOGL_20210202,2021-02-02,2021-01-26,149,77,-0.972,0.7279,1.6999,negative,positive,"TSLA will beat earnings AND have a reveal on Wednesday It’s time we get back to our roots boys. Reading is hard but writing is harder, so be patient n with me or skip to the bottom.nnThis Wednesday TSLA has earnings, and they will have a reveal as well. Earnings are after hours. That being said, there are a few reasons to get in now.nnA new product is coming, which will be revealed Wednesday. I be","TSLA will beat earnings AND have a reveal on Wednesday It’s time we get back to our roots boys. Reading is hard but writing is harder, so be patient n with me or skip to the bottom.nnThis Wednesday TSLA has earnings, and they will have a reveal as well. Earnings are after hours. That being said, there are a few reasons to get in now.nnA new product is coming, which will be revealed Wednesday. I be"
TSLA,TSLA_20210127,2021-01-27,2021-01-26,149,77,-0.972,0.7279,1.6999,negative,positive,"TSLA will beat earnings AND have a reveal on Wednesday It’s time we get back to our roots boys. Reading is hard but writing is harder, so be patient n with me or skip to the bottom.nnThis Wednesday TSLA has earnings, and they will have a reveal as well. Earnings are after hours. That being said, there are a few reasons to get in now.nnA new product is coming, which will be revealed Wednesday. I be","TSLA will beat earnings AND have a reveal on Wednesday It’s time we get back to our roots boys. Reading is hard but writing is harder, so be patient n with me or skip to the bottom.nnThis Wednesday TSLA has earnings, and they will have a reveal as well. Earnings are after hours. That being said, there are a few reasons to get in now.nnA new product is coming, which will be revealed Wednesday. I be"
AMZN,AMZN_20210202,2021-02-02,2021-01-26,149,77,-0.972,0.7279,1.6999,negative,positive,"TSLA will beat earnings AND have a reveal on Wednesday It’s time we get back to our roots boys. Reading is hard but writing is harder, so be patient n with me or skip to the bottom.nnThis Wednesday TSLA has earnings, and they will have a reveal as well. Earnings are after hours. That being said, there are a few reasons to get in now.nnA new product is coming, which will be revealed Wednesday. I be","TSLA will beat earnings AND have a reveal on Wednesday It’s time we get back to our roots boys. Reading is hard but writing is harder, so be patient n with me or skip to the bottom.nnThis Wednesday TSLA has earnings, and they will have a reveal as well. Earnings are after hours. That being said, there are a few reasons to get in now.nnA new product is coming, which will be revealed Wednesday. I be"
NFLX,NFLX_20220719,2022-07-19,2022-07-16,5,14,0.8686,-0.8009,-1.6695,positive,negative,"Puts on everything...An attempt at making somewhat educated Options contract buys rather than doing degenerate gambling...(Not going well so far, so you should probably just go ahead and buy those 0DTE YOLOS) **TLDR:**nnMy theory is simple, the Feds printer going Brrrrrrrrrrr overinflated the value of pretty much every stock in the stock market from the covid bottom of 2020 until EOY 2021 when the","Puts on everything...An attempt at making somewhat educated Options contract buys rather than doing degenerate gambling...(Not going well so far, so you should probably just go ahead and buy those 0DTE YOLOS) **TLDR:**nnMy theory is simple, the Feds printer going Brrrrrrrrrrr overinflated the value of pretty much every stock in the stock market from the covid bottom of 2020 until EOY 2021 when the"
TSLA,TSLA_20210726,2021-07-26,2021-07-24,0,19,-0.9126,0.744,1.6566,negative,positive,"PART 2 OF RETARD SPREAD; THE RESULTS $993 profits, threw back in $500 like a retard on puts; Tesla dipped and could have pulled to profit $300 more; was retarded and diamond handed, lost $500 -- WHAT STOCK DO I RETARD SPREAD NEXT WEEK? Goal to hit $1,700 EOW(07/26) via retard spreads.","PART 2 OF RETARD SPREAD; THE RESULTS $993 profits, threw back in $500 like a retard on puts; Tesla dipped and could have pulled to profit $300 more; was retarded and diamond handed, lost $500 -- WHAT STOCK DO I RETARD SPREAD NEXT WEEK? Goal to hit $1,700 EOW(07/26) via retard spreads."
INTC,INTC_20210121,2021-01-21,2021-01-14,406,128,-0.6583,0.9697,1.628,negative,positive,"STOP SLEEPING ON AMD AMD is currently trading at a 10% discount thanks to the Intel bulls (AMD bears) who believe their new CEO can make their stock move - except this loser couldn't even make his previous company (VMW) move during the biggest bull market of our time. VMW has traded side ways for the last 52 weeks! (wtf)nnJust days ago AMD hit an all time high of $99, today it's at $90. nI'm sure ","STOP SLEEPING ON AMD AMD is currently trading at a 10% discount thanks to the Intel bulls (AMD bears) who believe their new CEO can make their stock move - except this loser couldn't even make his previous company (VMW) move during the biggest bull market of our time. VMW has traded side ways for the last 52 weeks! (wtf)nnJust days ago AMD hit an all_time_high of $99, today it's at $90. nI'm sure "
INTC,INTC_20180726,2018-07-26,2018-07-21,30,8,0.6509,-0.9547,-1.6056,positive,negative,"Incredibly shitty Earnings DD, but at least I tried I really wish there were a ""shitty dd"" flair option, but whatever. Anyway, this is just a bunch of notes I've taken the past few hours cause what else am I supposed to do on a Friday evening, socialize? Fuck that. Also, please note most of these notes are based solely on technicals and little to no effort has gone into looking at previous earning","Incredibly shitty Earnings DD, but at least I tried I really wish there were a ""shitty dd"" flair option, but whatever. Anyway, this is just a bunch of notes I've taken the past few hours cause what else am I supposed to do on a Friday evening, socialize? Fuck that. Also, please note most of these notes are based solely on technicals and little to no effort has gone into looking at previous earning"
AMD,AMD_20180725,2018-07-25,2018-07-21,30,8,0.6509,-0.9547,-1.6056,positive,negative,"Incredibly shitty Earnings DD, but at least I tried I really wish there were a ""shitty dd"" flair option, but whatever. Anyway, this is just a bunch of notes I've taken the past few hours cause what else am I supposed to do on a Friday evening, socialize? Fuck that. Also, please note most of these notes are based solely on technicals and little to no effort has gone into looking at previous earning","Incredibly shitty Earnings DD, but at least I tried I really wish there were a ""shitty dd"" flair option, but whatever. Anyway, this is just a bunch of notes I've taken the past few hours cause what else am I supposed to do on a Friday evening, socialize? Fuck that. Also, please note most of these notes are based solely on technicals and little to no effort has gone into looking at previous earning"
GOOGL,GOOGL_20180723,2018-07-23,2018-07-21,30,8,0.6509,-0.9547,-1.6056,positive,negative,"Incredibly shitty Earnings DD, but at least I tried I really wish there were a ""shitty dd"" flair option, but whatever. Anyway, this is just a bunch of notes I've taken the past few hours cause what else am I supposed to do on a Friday evening, socialize? Fuck that. Also, please note most of these notes are based solely on technicals and little to no effort has gone into looking at previous earning","Incredibly shitty Earnings DD, but at least I tried I really wish there were a ""shitty dd"" flair option, but whatever. Anyway, this is just a bunch of notes I've taken the past few hours cause what else am I supposed to do on a Friday evening, socialize? Fuck that. Also, please note most of these notes are based solely on technicals and little to no effort has gone into looking at previous earning"
AAPL,AAPL_20180731,2018-07-31,2018-07-21,30,8,0.6509,-0.9547,-1.6056,positive,negative,"Incredibly shitty Earnings DD, but at least I tried I really wish there were a ""shitty dd"" flair option, but whatever. Anyway, this is just a bunch of notes I've taken the past few hours cause what else am I supposed to do on a Friday evening, socialize? Fuck that. Also, please note most of these notes are based solely on technicals and little to no effort has gone into looking at previous earning","Incredibly shitty Earnings DD, but at least I tried I really wish there were a ""shitty dd"" flair option, but whatever. Anyway, this is just a bunch of notes I've taken the past few hours cause what else am I supposed to do on a Friday evening, socialize? Fuck that. Also, please note most of these notes are based solely on technicals and little to no effort has gone into looking at previous earning"
GOOGL,GOOGL_20210202,2021-02-02,2021-02-01,344,91,0.7181,-0.8436,-1.5617,positive,negative,"What’s happening to GME? Credit to: u/that-possible-2402nnWhat’s Happened the Past Few Days?: The Anatomy of a Short Ladder AttacknnPublished courtesy of Citizens for Securities Reform, at shorting are not random acts of a renegade hedge funds, but rather a coordinated business plan that is carried out by a collusive consortium of hedge funds and prime brokers, with help from their friends at the ","What’s happening to GME? Credit to: u/that-possible-2402nnWhat’s Happened the Past Few Days?: The Anatomy of a Short Ladder AttacknnPublished courtesy of Citizens for Securities Reform, at shorting are not random acts of a renegade hedge funds, but rather a coordinated business plan that is carried out by a collusive consortium of hedge funds and prime brokers, with help from their friends at the "
GOOGL,GOOGL_20210202,2021-02-02,2021-02-01,344,91,0.7181,-0.8436,-1.5617,positive,negative,"What’s happening to GME? Credit to: u/that-possible-2402nnWhat’s Happened the Past Few Days?: The Anatomy of a Short Ladder AttacknnPublished courtesy of Citizens for Securities Reform, at shorting are not random acts of a renegade hedge funds, but rather a coordinated business plan that is carried out by a collusive consortium of hedge funds and prime brokers, with help from their friends at the ","What’s happening to GME? Credit to: u/that-possible-2402nnWhat’s Happened the Past Few Days?: The Anatomy of a Short Ladder AttacknnPublished courtesy of Citizens for Securities Reform, at shorting are not random acts of a renegade hedge funds, but rather a coordinated business plan that is carried out by a collusive consortium of hedge funds and prime brokers, with help from their friends at the "
GOOGL,GOOGL_20210202,2021-02-02,2021-02-01,344,91,0.7181,-0.8436,-1.5617,positive,negative,"What’s happening to GME? Credit to: u/that-possible-2402nnWhat’s Happened the Past Few Days?: The Anatomy of a Short Ladder AttacknnPublished courtesy of Citizens for Securities Reform, at shorting are not random acts of a renegade hedge funds, but rather a coordinated business plan that is carried out by a collusive consortium of hedge funds and prime brokers, with help from their friends at the ","What’s happening to GME? Credit to: u/that-possible-2402nnWhat’s Happened the Past Few Days?: The Anatomy of a Short Ladder AttacknnPublished courtesy of Citizens for Securities Reform, at shorting are not random acts of a renegade hedge funds, but rather a coordinated business plan that is carried out by a collusive consortium of hedge funds and prime brokers, with help from their friends at the "
GOOGL,GOOGL_20210202,2021-02-02,2021-02-01,344,91,0.7181,-0.8436,-1.5617,positive,negative,"What’s happening to GME? Credit to: u/that-possible-2402nnWhat’s Happened the Past Few Days?: The Anatomy of a Short Ladder AttacknnPublished courtesy of Citizens for Securities Reform, at shorting are not random acts of a renegade hedge funds, but rather a coordinated business plan that is carried out by a collusive consortium of hedge funds and prime brokers, with help from their friends at the ","What’s happening to GME? Credit to: u/that-possible-2402nnWhat’s Happened the Past Few Days?: The Anatomy of a Short Ladder AttacknnPublished courtesy of Citizens for Securities Reform, at shorting are not random acts of a renegade hedge funds, but rather a coordinated business plan that is carried out by a collusive consortium of hedge funds and prime brokers, with help from their friends at the "
DIS,DIS_20190508,2019-05-08,2019-04-29,28,11,-0.6013,0.9486,1.5499,negative,positive,"My case for MCD earnings. Full DD inside. Alright, we all know that DIS calls print like a broken xerox machine, but I know this sub is hungry for more of those delicious tendies. Look no further for I have discovered a fool proof strategy. It came to me in a dream. A classic one at that, one of elementary school bullies giving me the ole right there Fred. Not unlike what The Undertaker did to Man","My case for MCD earnings. Full DD inside. Alright, we all know that DIS calls print like a broken xerox machine, but I know this sub is hungry for more of those delicious tendies. Look no further for I have discovered a fool proof strategy. It came to me in a dream. A classic one at that, one of elementary school bullies giving me the ole right there Fred. Not unlike what The Undertaker did to Man"
GOOGL,GOOGL_20210202,2021-02-02,2021-01-28,236,122,-0.9512,0.5566,1.5078,negative,positive,"Why $NOK won't squeeze and why it may be manipulation Disclaimer: This is not investment advice, I am retarded also and have 1/29 $5P and $4.5P on $NOK because I am not retarded and I understand basic market dynamics and I want free money. I am not advocating any plays.nnYeah bagholders, shills, and hedge fund bots I know you won't like this post but shut the fuck up and Ill try to save you some m","Why $NOK won't squeeze and why it may be manipulation Disclaimer: This is not investment advice, I am retarded also and have 1/29 $5P and $4.5P on $NOK because I am not retarded and I understand basic market dynamics and I want free money. I am not advocating any plays.nnYeah bagholders, shills, and hedge fund bots I know you won't like this post but shut the fuck up and Ill try to save you some m"
GOOGL,GOOGL_20210202,2021-02-02,2021-01-28,236,122,-0.9512,0.5566,1.5078,negative,positive,"Why $NOK won't squeeze and why it may be manipulation Disclaimer: This is not investment advice, I am retarded also and have 1/29 $5P and $4.5P on $NOK because I am not retarded and I understand basic market dynamics and I want free money. I am not advocating any plays.nnYeah bagholders, shills, and hedge fund bots I know you won't like this post but shut the fuck up and Ill try to save you some m","Why $NOK won't squeeze and why it may be manipulation Disclaimer: This is not investment advice, I am retarded also and have 1/29 $5P and $4.5P on $NOK because I am not retarded and I understand basic market dynamics and I want free money. I am not advocating any plays.nnYeah bagholders, shills, and hedge fund bots I know you won't like this post but shut the fuck up and Ill try to save you some m"
GOOGL,GOOGL_20210202,2021-02-02,2021-01-28,236,122,-0.9512,0.5566,1.5078,negative,positive,"Why $NOK won't squeeze and why it may be manipulation Disclaimer: This is not investment advice, I am retarded also and have 1/29 $5P and $4.5P on $NOK because I am not retarded and I understand basic market dynamics and I want free money. I am not advocating any plays.nnYeah bagholders, shills, and hedge fund bots I know you won't like this post but shut the fuck up and Ill try to save you some m","Why $NOK won't squeeze and why it may be manipulation Disclaimer: This is not investment advice, I am retarded also and have 1/29 $5P and $4.5P on $NOK because I am not retarded and I understand basic market dynamics and I want free money. I am not advocating any plays.nnYeah bagholders, shills, and hedge fund bots I know you won't like this post but shut the fuck up and Ill try to save you some m"
GOOGL,GOOGL_20210202,2021-02-02,2021-01-31,15168,738,0.6307,-0.8756,-1.5063,positive,negative,"Important! GME Short attack tactics predicted in 2014! All the tactics used in the recent week by hedge funds revealed and explained **All the tactics Hedge funds are using to crash GME prices were revealed as far back as 2014 in this article:**nnAnatomy of a short attacknn**TL;DR:**n**Ladder attacks to drive the price down, Media assults, Brokers pulling margin, Paid bashers, Diversion attempts -","Important! GME Short attack tactics predicted in 2014! All the tactics used in the recent week by hedge funds revealed and explained **All the tactics Hedge funds are using to crash GME prices were revealed as far back as 2014 in this article:**nnAnatomy of a short attacknn**TL;DR:**n**Ladder attacks to drive the price down, Media assults, Brokers pulling margin, Paid bashers, Diversion attempts -"
GOOGL,GOOGL_20210202,2021-02-02,2021-01-31,15168,738,0.6307,-0.8756,-1.5063,positive,negative,"Important! GME Short attack tactics predicted in 2014! All the tactics used in the recent week by hedge funds revealed and explained **All the tactics Hedge funds are using to crash GME prices were revealed as far back as 2014 in this article:**nnAnatomy of a short attacknn**TL;DR:**n**Ladder attacks to drive the price down, Media assults, Brokers pulling margin, Paid bashers, Diversion attempts -","Important! GME Short attack tactics predicted in 2014! All the tactics used in the recent week by hedge funds revealed and explained **All the tactics Hedge funds are using to crash GME prices were revealed as far back as 2014 in this article:**nnAnatomy of a short attacknn**TL;DR:**n**Ladder attacks to drive the price down, Media assults, Brokers pulling margin, Paid bashers, Diversion attempts -"
GOOGL,GOOGL_20210202,2021-02-02,2021-01-31,15168,738,0.6307,-0.8756,-1.5063,positive,negative,"Important! GME Short attack tactics predicted in 2014! All the tactics used in the recent week by hedge funds revealed and explained **All the tactics Hedge funds are using to crash GME prices were revealed as far back as 2014 in this article:**nnAnatomy of a short attacknn**TL;DR:**n**Ladder attacks to drive the price down, Media assults, Brokers pulling margin, Paid bashers, Diversion attempts -","Important! GME Short attack tactics predicted in 2014! All the tactics used in the recent week by hedge funds revealed and explained **All the tactics Hedge funds are using to crash GME prices were revealed as far back as 2014 in this article:**nnAnatomy of a short attacknn**TL;DR:**n**Ladder attacks to drive the price down, Media assults, Brokers pulling margin, Paid bashers, Diversion attempts -"
GOOGL,GOOGL_20210202,2021-02-02,2021-01-31,15168,738,0.6307,-0.8756,-1.5063,positive,negative,"Important! GME Short attack tactics predicted in 2014! All the tactics used in the recent week by hedge funds revealed and explained **All the tactics Hedge funds are using to crash GME prices were revealed as far back as 2014 in this article:**nnAnatomy of a short attacknn**TL;DR:**n**Ladder attacks to drive the price down, Media assults, Brokers pulling margin, Paid bashers, Diversion attempts -","Important! GME Short attack tactics predicted in 2014! All the tactics used in the recent week by hedge funds revealed and explained **All the tactics Hedge funds are using to crash GME prices were revealed as far back as 2014 in this article:**nnAnatomy of a short attacknn**TL;DR:**n**Ladder attacks to drive the price down, Media assults, Brokers pulling margin, Paid bashers, Diversion attempts -"
AMZN,AMZN_20200730,2020-07-30,2020-07-27,42,91,0.5622,-0.916,-1.4782,positive,negative,"Earning Plays for Dummies: $UA is Under Water (Basic TA & Obvious Catalysts) TL;DR: $UA is taking on a lot of debt because of historically low retail sales causing near bankruptcy cash flow. Largest athletic apparel retailer or not, when the business isn't making money it's losing it. Taking on LARGE amount of debt, to raise cash, to keep the doors open is not the nail in the coffin, but it is dam","Earning Plays for Dummies: $UA is Under Water (Basic TA & Obvious Catalysts) TL;DR: $UA is taking on a lot of debt because of historically low retail sales causing near bankruptcy cash flow. Largest athletic apparel retailer or not, when the business isn't making money it's losing it. Taking on LARGE amount of debt, to raise cash, to keep the doors open is not the nail in the coffin, but it is dam"
AMZN,AMZN_20200730,2020-07-30,2020-07-27,42,91,0.5622,-0.916,-1.4782,positive,negative,"Earning Plays for Dummies: $UA is Under Water (Basic TA & Obvious Catalysts) TL;DR: $UA is taking on a lot of debt because of historically low retail sales causing near bankruptcy cash flow. Largest athletic apparel retailer or not, when the business isn't making money it's losing it. Taking on LARGE amount of debt, to raise cash, to keep the doors open is not the nail in the coffin, but it is dam","Earning Plays for Dummies: $UA is Under Water (Basic TA & Obvious Catalysts) TL;DR: $UA is taking on a lot of debt because of historically low retail sales causing near bankruptcy cash flow. Largest athletic apparel retailer or not, when the business isn't making money it's losing it. Taking on LARGE amount of debt, to raise cash, to keep the doors open is not the nail in the coffin, but it is dam"
AMZN,AMZN_20200730,2020-07-30,2020-07-27,42,91,0.5622,-0.916,-1.4782,positive,negative,"Earning Plays for Dummies: $UA is Under Water (Basic TA & Obvious Catalysts) TL;DR: $UA is taking on a lot of debt because of historically low retail sales causing near bankruptcy cash flow. Largest athletic apparel retailer or not, when the business isn't making money it's losing it. Taking on LARGE amount of debt, to raise cash, to keep the doors open is not the nail in the coffin, but it is dam","Earning Plays for Dummies: $UA is Under Water (Basic TA & Obvious Catalysts) TL;DR: $UA is taking on a lot of debt because of historically low retail sales causing near bankruptcy cash flow. Largest athletic apparel retailer or not, when the business isn't making money it's losing it. Taking on LARGE amount of debt, to raise cash, to keep the doors open is not the nail in the coffin, but it is dam"
AMZN,AMZN_20200730,2020-07-30,2020-07-27,42,91,0.5622,-0.916,-1.4782,positive,negative,"Earning Plays for Dummies: $UA is Under Water (Basic TA & Obvious Catalysts) TL;DR: $UA is taking on a lot of debt because of historically low retail sales causing near bankruptcy cash flow. Largest athletic apparel retailer or not, when the business isn't making money it's losing it. Taking on LARGE amount of debt, to raise cash, to keep the doors open is not the nail in the coffin, but it is dam","Earning Plays for Dummies: $UA is Under Water (Basic TA & Obvious Catalysts) TL;DR: $UA is taking on a lot of debt because of historically low retail sales causing near bankruptcy cash flow. Largest athletic apparel retailer or not, when the business isn't making money it's losing it. Taking on LARGE amount of debt, to raise cash, to keep the doors open is not the nail in the coffin, but it is dam"
AMZN,AMZN_20200730,2020-07-30,2020-07-27,42,91,0.5622,-0.916,-1.4782,positive,negative,"Earning Plays for Dummies: $UA is Under Water (Basic TA & Obvious Catalysts) TL;DR: $UA is taking on a lot of debt because of historically low retail sales causing near bankruptcy cash flow. Largest athletic apparel retailer or not, when the business isn't making money it's losing it. Taking on LARGE amount of debt, to raise cash, to keep the doors open is not the nail in the coffin, but it is dam","Earning Plays for Dummies: $UA is Under Water (Basic TA & Obvious Catalysts) TL;DR: $UA is taking on a lot of debt because of historically low retail sales causing near bankruptcy cash flow. Largest athletic apparel retailer or not, when the business isn't making money it's losing it. Taking on LARGE amount of debt, to raise cash, to keep the doors open is not the nail in the coffin, but it is dam"
AMZN,AMZN_20200730,2020-07-30,2020-07-27,42,91,0.5622,-0.916,-1.4782,positive,negative,"Earning Plays for Dummies: $UA is Under Water (Basic TA & Obvious Catalysts) TL;DR: $UA is taking on a lot of debt because of historically low retail sales causing near bankruptcy cash flow. Largest athletic apparel retailer or not, when the business isn't making money it's losing it. Taking on LARGE amount of debt, to raise cash, to keep the doors open is not the nail in the coffin, but it is dam","Earning Plays for Dummies: $UA is Under Water (Basic TA & Obvious Catalysts) TL;DR: $UA is taking on a lot of debt because of historically low retail sales causing near bankruptcy cash flow. Largest athletic apparel retailer or not, when the business isn't making money it's losing it. Taking on LARGE amount of debt, to raise cash, to keep the doors open is not the nail in the coffin, but it is dam"
AMZN,AMZN_20200730,2020-07-30,2020-07-27,42,91,0.5622,-0.916,-1.4782,positive,negative,"Earning Plays for Dummies: $UA is Under Water (Basic TA & Obvious Catalysts) TL;DR: $UA is taking on a lot of debt because of historically low retail sales causing near bankruptcy cash flow. Largest athletic apparel retailer or not, when the business isn't making money it's losing it. Taking on LARGE amount of debt, to raise cash, to keep the doors open is not the nail in the coffin, but it is dam","Earning Plays for Dummies: $UA is Under Water (Basic TA & Obvious Catalysts) TL;DR: $UA is taking on a lot of debt because of historically low retail sales causing near bankruptcy cash flow. Largest athletic apparel retailer or not, when the business isn't making money it's losing it. Taking on LARGE amount of debt, to raise cash, to keep the doors open is not the nail in the coffin, but it is dam"
TSLA,TSLA_20201021,2020-10-21,2020-10-20,8,34,-0.7148,0.7623,1.4771,negative,positive,"SPI - Nio's Hotter Cousin Are you in the dumps because you missed out on those juicy Nio tendies? Has TSLA been a lil ?? to you recently?nnEnter SPI. The best solar company you've never heard. From China. At 165MM market cap, you're literally getting in at the ground floor. For once in your life you'll finally be ""smart money."" SPI has its hands in everything.nn* Solar solutions for public and pri","SPI - Nio's Hotter Cousin Are you in the dumps because you missed out on those juicy Nio tendies? Has TSLA been a lil ?? to you recently?nnEnter SPI. The best solar company you've never heard. From China. At 165MM market cap, you're literally getting in at the ground floor. For once in your life you'll finally be ""smart money."" SPI has its hands in everything.nn* Solar solutions for public and pri"
GOOGL,GOOGL_20210202,2021-02-02,2021-01-28,68580,7924,-0.925,0.5334,1.4584,negative,positive,"30 Seconds From Triggering Market Nuclear Bomb I'm glad this place has quieted down enough for some actual DD written by a monkey with a keyboard and Adderall. nnDisclaimer: I am that monkey. Let me explain to you what happened, play by play. I will give you illiterates who hate reading a spoiler up front: nn__We were within approximately 30 seconds of triggering a nuclear bomb that would have blo","30 Seconds From Triggering Market Nuclear Bomb I'm glad this place has quieted down enough for some actual DD written by a monkey with a keyboard and Adderall. nnDisclaimer: I am that monkey. Let me explain to you what happened, play by play. I will give you illiterates who hate reading a spoiler up front: nn__We were within approximately 30 seconds of triggering a nuclear bomb that would have blo"
GOOGL,GOOGL_20210202,2021-02-02,2021-02-01,72,14,-0.7776,0.6768,1.4544001,negative,positive,"Thoughts on Youtube people making useless live streams to earn affiliate commissions from getting people to sign up to WeBull, RH, etc. Capitalizing on the new retards trying to strike gold. Okay so full disclosure... I am a bag holder because there is a movement and I want to do my part and also make some nice gains if possible (literally I am gambling with you guys). nnWith WSB trending, people ","Thoughts on Youtube people making useless live streams to earn affiliate commissions from getting people to sign up to WeBull, RH, etc. Capitalizing on the new retards trying to strike gold. Okay so full disclosure... I am a bag holder because there is a movement and I want to do my part and also make some nice gains if possible (literally I am gambling with you guys). nnWith WSB trending, people "
TSLA,TSLA_20200722,2020-07-22,2020-07-13,92,119,0.6072,-0.8183,-1.4255,positive,negative,"16K YOLO on TSLA puts as warmup to getting back in the game A decade and a half ago I made a decent living learning to read the tape at a prop shop. While many of my fellow trading desk autists traded lame shit like Twix and Pfft, or rebate traded attain (~~ATTN~~ADFN ECN) crosses with under $5 NASDAQ stocks (JDSU), I traded shit that actually moved during the day with actual volume. I'm talking t","16K YOLO on TSLA puts as warmup to getting back in the game A decade and a half ago I made a decent living learning to read the tape at a prop shop. While many of my fellow trading desk autists traded lame shit like Twix and Pfft, or rebate traded attain (~~ATTN~~ADFN ECN) crosses with under $5 NASDAQ stocks (JDSU), I traded shit that actually moved during the day with actual volume. I'm talking t"
TSLA,TSLA_20190724,2019-07-24,2019-07-21,41,26,-0.4695,0.9385,1.408,negative,positive,"If you want tendies, get the big MAC It's a common misconception that in this gay digital age, REITs are losing money faster than your OTM SPY puts. Maybe that's true. But hear me out.nnThere's one REIT that's a big fat fucking BUY right now and that's MAC aka Macerich aka Makes You Rich.nnMacerich basically owns malls.nnBut wildebeestcuck, malls are dying, right? Well, I don't know I don't really","If you want tendies, get the big MAC It's a common misconception that in this gay digital age, REITs are losing money faster than your OTM SPY puts. Maybe that's true. But hear me out.nnThere's one REIT that's a big fat fucking BUY right now and that's MAC aka Macerich aka Makes You Rich.nnMacerich basically owns malls.nnBut wildebeestcuck, malls are dying, right? Well, I don't know I don't really"
GOOGL,GOOGL_20190725,2019-07-25,2019-07-21,41,26,-0.4695,0.9385,1.408,negative,positive,"If you want tendies, get the big MAC It's a common misconception that in this gay digital age, REITs are losing money faster than your OTM SPY puts. Maybe that's true. But hear me out.nnThere's one REIT that's a big fat fucking BUY right now and that's MAC aka Macerich aka Makes You Rich.nnMacerich basically owns malls.nnBut wildebeestcuck, malls are dying, right? Well, I don't know I don't really","If you want tendies, get the big MAC It's a common misconception that in this gay digital age, REITs are losing money faster than your OTM SPY puts. Maybe that's true. But hear me out.nnThere's one REIT that's a big fat fucking BUY right now and that's MAC aka Macerich aka Makes You Rich.nnMacerich basically owns malls.nnBut wildebeestcuck, malls are dying, right? Well, I don't know I don't really"
AMD,AMD_20210126,2021-01-26,2021-01-24,222,87,-0.8416,0.5625,1.4041,negative,positive,"CRAYON MANIA!! AAPL, AMD, CRM, CRSR, PLTR, and TSM or LET EARNINGS TAKE US INTERSTELLAR!! # AAPL: BULLISHnn# BULLISH PT: 142-145-148-150nn# FLOOR: 136-139nn# BEARISH PT: 129-134nnLive Chart: nn Flow Summary:nn AMD: BULLISHnn# Bullish PT: 99-103nn# Bearish PT: 85-88nnLive Chart: Flow Summary:nn CRM: BULLISHnn# BULLISH PT: 228-235-242nn# Bearish PT: 217-210nn# Moon PT: 248-256nnLive Chart: nn Flow S","CRAYON MANIA!! AAPL, AMD, CRM, CRSR, PLTR, and TSM or LET EARNINGS TAKE US INTERSTELLAR!! # AAPL: BULLISHnn# BULLISH PT: 142-145-148-150nn# FLOOR: 136-139nn# BEARISH PT: 129-134nnLive Chart: nn Flow Summary:nn AMD: BULLISHnn# Bullish PT: 99-103nn# Bearish PT: 85-88nnLive Chart: Flow Summary:nn CRM: BULLISHnn# BULLISH PT: 228-235-242nn# Bearish PT: 217-210nn# Moon PT: 248-256nnLive Chart: nn Flow S"
AAPL,AAPL_20210127,2021-01-27,2021-01-24,222,87,-0.8416,0.5625,1.4041,negative,positive,"CRAYON MANIA!! AAPL, AMD, CRM, CRSR, PLTR, and TSM or LET EARNINGS TAKE US INTERSTELLAR!! # AAPL: BULLISHnn# BULLISH PT: 142-145-148-150nn# FLOOR: 136-139nn# BEARISH PT: 129-134nnLive Chart: nn Flow Summary:nn AMD: BULLISHnn# Bullish PT: 99-103nn# Bearish PT: 85-88nnLive Chart: Flow Summary:nn CRM: BULLISHnn# BULLISH PT: 228-235-242nn# Bearish PT: 217-210nn# Moon PT: 248-256nnLive Chart: nn Flow S","CRAYON MANIA!! AAPL, AMD, CRM, CRSR, PLTR, and TSM or LET EARNINGS TAKE US INTERSTELLAR!! # AAPL: BULLISHnn# BULLISH PT: 142-145-148-150nn# FLOOR: 136-139nn# BEARISH PT: 129-134nnLive Chart: nn Flow Summary:nn AMD: BULLISHnn# Bullish PT: 99-103nn# Bearish PT: 85-88nnLive Chart: Flow Summary:nn CRM: BULLISHnn# BULLISH PT: 228-235-242nn# Bearish PT: 217-210nn# Moon PT: 248-256nnLive Chart: nn Flow S"
GOOGL,GOOGL_20210202,2021-02-02,2021-01-28,469,31,0.5433,-0.8588,-1.4021,positive,negative,"Ladder Selling Explained Source: Gerald Klein - Forty year career in finance and executive management beginning on Coopers & Lybrand audit staff (CPA) culminating with twenty-six years as CEO of publicly-held companies. nnAbusive shorting are not random acts of a renegade hedge funds, but rather a coordinated business plan that is carried out by a collusive consortium of hedge funds and prime brok","Ladder Selling Explained Source: Gerald Klein - Forty year career in finance and executive management beginning on Coopers & Lybrand audit staff (CPA) culminating with twenty-six years as CEO of publicly-held companies. nnAbusive shorting are not random acts of a renegade hedge funds, but rather a coordinated business plan that is carried out by a collusive consortium of hedge funds and prime brok"
GOOGL,GOOGL_20210202,2021-02-02,2021-01-28,469,31,0.5433,-0.8588,-1.4021,positive,negative,"Ladder Selling Explained Source: Gerald Klein - Forty year career in finance and executive management beginning on Coopers & Lybrand audit staff (CPA) culminating with twenty-six years as CEO of publicly-held companies. nnAbusive shorting are not random acts of a renegade hedge funds, but rather a coordinated business plan that is carried out by a collusive consortium of hedge funds and prime brok","Ladder Selling Explained Source: Gerald Klein - Forty year career in finance and executive management beginning on Coopers & Lybrand audit staff (CPA) culminating with twenty-six years as CEO of publicly-held companies. nnAbusive shorting are not random acts of a renegade hedge funds, but rather a coordinated business plan that is carried out by a collusive consortium of hedge funds and prime brok"
GOOGL,GOOGL_20210202,2021-02-02,2021-01-28,469,31,0.5433,-0.8588,-1.4021,positive,negative,"Ladder Selling Explained Source: Gerald Klein - Forty year career in finance and executive management beginning on Coopers & Lybrand audit staff (CPA) culminating with twenty-six years as CEO of publicly-held companies. nnAbusive shorting are not random acts of a renegade hedge funds, but rather a coordinated business plan that is carried out by a collusive consortium of hedge funds and prime brok","Ladder Selling Explained Source: Gerald Klein - Forty year career in finance and executive management beginning on Coopers & Lybrand audit staff (CPA) culminating with twenty-six years as CEO of publicly-held companies. nnAbusive shorting are not random acts of a renegade hedge funds, but rather a coordinated business plan that is carried out by a collusive consortium of hedge funds and prime brok"
GOOGL,GOOGL_20210202,2021-02-02,2021-01-28,469,31,0.5433,-0.8588,-1.4021,positive,negative,"Ladder Selling Explained Source: Gerald Klein - Forty year career in finance and executive management beginning on Coopers & Lybrand audit staff (CPA) culminating with twenty-six years as CEO of publicly-held companies. nnAbusive shorting are not random acts of a renegade hedge funds, but rather a coordinated business plan that is carried out by a collusive consortium of hedge funds and prime brok","Ladder Selling Explained Source: Gerald Klein - Forty year career in finance and executive management beginning on Coopers & Lybrand audit staff (CPA) culminating with twenty-six years as CEO of publicly-held companies. nnAbusive shorting are not random acts of a renegade hedge funds, but rather a coordinated business plan that is carried out by a collusive consortium of hedge funds and prime brok"
GOOGL,GOOGL_20201029,2020-10-29,2020-10-22,0,7,-0.6662,0.7319,1.3980999,negative,positive,SPCE ? LAUNCH Anybody know what time the rocket launch is for today? And if there’s anywhere I can watch it live? Good ol’ google has let my retarded ass down yet again. And how are you all playing the event?,SPCE ? LAUNCH Anybody know what time the rocket launch is for today? And if there’s anywhere I can watch it live? Good ol’ google has let my retarded ass down yet again. And how are you all playing the event?
TSLA,TSLA_20210127,2021-01-27,2021-01-25,1,0,-0.504,0.8924,1.3964,negative,positive,"Newbie aCtUaL aUtIst looking for advice to reach moon ? ? ? (or at least buy mad tendies ? ?). Buying GME, BB, BBBY, PLTR and TSLA when market opens, got my ? ? ? ? ready ? Help a financially illiterate retard?","Newbie aCtUaL aUtIst looking for advice to reach moon ? ? ? (or at least buy mad tendies ? ?). Buying GME, BB, BBBY, PLTR and TSLA when market opens, got my ? ? ? ? ready ? Help a financially illiterate retard?"
TSLA,TSLA_20210127,2021-01-27,2021-01-25,1,2,-0.504,0.8924,1.3964,negative,positive,"Newbie aCtUaL aUtIst looking for advice to reach moon ? ? ? (or at least buy mad tendies ? ?). Buying GME, BB, BBBY, PLTR and TSLA when market opens, got my ? ? ? ? ready ? Help a financially illiterate retard?","Newbie aCtUaL aUtIst looking for advice to reach moon ? ? ? (or at least buy mad tendies ? ?). Buying GME, BB, BBBY, PLTR and TSLA when market opens, got my ? ? ? ? ready ? Help a financially illiterate retard?"
TSLA,TSLA_20210127,2021-01-27,2021-01-25,1,0,-0.504,0.8924,1.3964,negative,positive,"Newbie aCtUaL aUtIst looking for advice to reach moon ? ? ? (or at least buy mad tendies ? ?). Buying GME, BB, BBBY, PLTR and TSLA when market opens, got my ? ? ? ? ready ? Help a financially illiterate retard?","Newbie aCtUaL aUtIst looking for advice to reach moon ? ? ? (or at least buy mad tendies ? ?). Buying GME, BB, BBBY, PLTR and TSLA when market opens, got my ? ? ? ? ready ? Help a financially illiterate retard?"
GOOGL,GOOGL_20210202,2021-02-02,2021-01-27,1,0,-0.6553,0.7149,1.3702,negative,positive,In case my fellow Retard rocket riders are wondering where their YOLOS line up next to GME as far as google searches go here you are $AMC&$GME ????,In case my fellow Retard rocket riders are wondering where their YOLOS line up next to GME as far as google searches go here you are $AMC&$GME ????
TSLA,TSLA_20210127,2021-01-27,2021-01-20,965,144,-0.8845,0.4726,1.3571,negative,positive,"? ? Andrew Left of Shitron Research is worth ~$5m after 18yrs of PrOfFeSsIoNaL tRaDiNg title says and link above shows, ?? Andrew Left (even his own name ain't Right) is worth \~$5m, which yes is a lot of money, but not if you've been the leader of the nUmBeR 1 aCtIvIsT sHoRt SelLeR for 14 yrs and traded pRoFfEsSiOnAlLy for 18yrs like he has.nnu/deepfuckingvalue has made 1.5x that on just GME, u/m","? ? Andrew Left of Shitron Research is worth ~$5m after 18yrs of PrOfFeSsIoNaL tRaDiNg title says and link above shows, ?? Andrew Left (even his own name ain't Right) is worth \~$5m, which yes is a lot of money, but not if you've been the leader of the nUmBeR 1 aCtIvIsT sHoRt SelLeR for 14 yrs and traded pRoFfEsSiOnAlLy for 18yrs like he has.nnu/deepfuckingvalue has made 1.5x that on just GME, u/m"
